method,atoms,replicate,seconds
Baseline,64,1,0.016082851216197014
Baseline,64,2,0.015933428891003132
Baseline,64,3,0.01607874035835266
Baseline,64,4,0.015984819270670414
Baseline,64,5,0.015963989309966564
Baseline,64,6,0.016062588430941105
Baseline,64,7,0.016174050979316235
Baseline,64,8,0.016089029610157013
Baseline,64,9,0.01604377944022417
Baseline,64,10,0.01596990879625082
Baseline,64,11,0.015995399095118046
Baseline,64,12,0.016116040758788586
Baseline,64,13,0.01604065950959921
Baseline,64,14,0.016012919135391712
Baseline,64,15,0.01605014968663454
Baseline,64,16,0.016046499833464622
Baseline,64,17,0.01605066005140543
Baseline,64,18,0.016023130156099796
Baseline,64,19,0.016080469824373722
Baseline,64,20,0.015855848789215088
IC model,64,1,0.01636675000190735
IC model,64,2,0.016267389990389347
IC model,64,3,0.01643448043614626
IC model,64,4,0.01641276106238365
IC model,64,5,0.0163850300014019
IC model,64,6,0.016358579508960247
IC model,64,7,0.01641045231372118
IC model,64,8,0.016373060643672943
IC model,64,9,0.01639964058995247
IC model,64,10,0.016415932215750217
IC model,64,11,0.016337350942194462
IC model,64,12,0.01641285140067339
IC model,64,13,0.016480231657624245
IC model,64,14,0.016352521255612373
IC model,64,15,0.016440480947494507
IC model,64,16,0.016526950523257256
IC model,64,17,0.016397020779550076
IC model,64,18,0.016649181954562664
IC model,64,19,0.016453180462121964
IC model,64,20,0.016403631307184696
Ewald-QEq,64,1,0.06441138032823801
Ewald-QEq,64,2,0.06448644958436489
Ewald-QEq,64,3,0.06386600714176893
Ewald-QEq,64,4,0.06402201764285564
Ewald-QEq,64,5,0.06399646773934364
Baseline,216,1,0.05388658121228218
Baseline,216,2,0.054131350480020046
Baseline,216,3,0.05420552287250757
Baseline,216,4,0.05450510233640671
Baseline,216,5,0.0541209802031517
Baseline,216,6,0.053967530839145184
Baseline,216,7,0.054162681102752686
Baseline,216,8,0.05432257242500782
Baseline,216,9,0.05392173118889332
Baseline,216,10,0.05434980243444443
Baseline,216,11,0.054081881418824196
Baseline,216,12,0.05401709210127592
Baseline,216,13,0.05382672045379877
Baseline,216,14,0.053908709436655045
Baseline,216,15,0.05406741052865982
Baseline,216,16,0.054022541269659996
Baseline,216,17,0.05375202000141144
Baseline,216,18,0.05397854186594486
Baseline,216,19,0.05406698118895292
Baseline,216,20,0.05401791073381901
IC model,216,1,0.05469754338264465
IC model,216,2,0.054894713684916496
IC model,216,3,0.05477650463581085
IC model,216,4,0.0545325530692935
IC model,216,5,0.05453029274940491
IC model,216,6,0.05463957320898771
IC model,216,7,0.05456507299095392
IC model,216,8,0.0547825638204813
IC model,216,9,0.05441697221249342
IC model,216,10,0.054509423673152924
IC model,216,11,0.05445834156125784
IC model,216,12,0.05442929174751043
IC model,216,13,0.05453089252114296
IC model,216,14,0.05488498508930206
IC model,216,15,0.05435805208981037
IC model,216,16,0.05453645344823599
IC model,216,17,0.0547464145347476
IC model,216,18,0.05430332198739052
IC model,216,19,0.05450183339416981
IC model,216,20,0.05435112211853266
Ewald-QEq,216,1,0.12271708622574806
Ewald-QEq,216,2,0.12228324543684721
Ewald-QEq,216,3,0.12266388721764088
Ewald-QEq,216,4,0.1225231047719717
Ewald-QEq,216,5,0.12261044606566429
Baseline,512,1,0.12785440497100353
Baseline,512,2,0.12865705881267786
Baseline,512,3,0.12818328756839037
Baseline,512,4,0.12791205570101738
Baseline,512,5,0.12845005746930838
Baseline,512,6,0.1281275162473321
Baseline,512,7,0.1285529276356101
Baseline,512,8,0.12873705942183733
Baseline,512,9,0.12848751805722713
Baseline,512,10,0.12746233399957418
Baseline,512,11,0.1296055531129241
Baseline,512,12,0.12827373761683702
Baseline,512,13,0.12834856752306223
Baseline,512,14,0.12834912817925215
Baseline,512,15,0.12854366842657328
Baseline,512,16,0.12790246587246656
Baseline,512,17,0.12763740494847298
Baseline,512,18,0.12894377950578928
Baseline,512,19,0.12871674820780754
Baseline,512,20,0.12781995628029108
IC model,512,1,0.1289025992155075
IC model,512,2,0.12851779907941818
IC model,512,3,0.12942236103117466
IC model,512,4,0.12897707987576723
IC model,512,5,0.12897927034646273
IC model,512,6,0.12900367006659508
IC model,512,7,0.12898159865289927
IC model,512,8,0.12908376939594746
IC model,512,9,0.12950427178293467
IC model,512,10,0.1291951211169362
IC model,512,11,0.1287284791469574
IC model,512,12,0.1301396144554019
IC model,512,13,0.12896406836807728
IC model,512,14,0.12906137015670538
IC model,512,15,0.12906427960842848
IC model,512,16,0.129535892046988
IC model,512,17,0.12921239156275988
IC model,512,18,0.129176271148026
IC model,512,19,0.12819647695869207
IC model,512,20,0.129074621014297
Ewald-QEq,512,1,0.4116930216550827
Ewald-QEq,512,2,0.4133872278034687
Ewald-QEq,512,3,0.4160058982670307
Ewald-QEq,512,4,0.413269997574389
Ewald-QEq,512,5,0.41443158220499754
Baseline,1000,1,0.24885412584990263
Baseline,1000,2,0.2502541607245803
Baseline,1000,3,0.25186856742948294
Baseline,1000,4,0.25001874938607216
Baseline,1000,5,0.2503673918545246
Baseline,1000,6,0.2500810408964753
Baseline,1000,7,0.24872126523405313
Baseline,1000,8,0.25002197083085775
Baseline,1000,9,0.2489200858399272
Baseline,1000,10,0.2505202516913414
Baseline,1000,11,0.2495897989720106
Baseline,1000,12,0.24909220729023218
Baseline,1000,13,0.25019486155360937
Baseline,1000,14,0.24931054841727018
Baseline,1000,15,0.24870703555643559
Baseline,1000,16,0.25016423128545284
Baseline,1000,17,0.24897044617682695
Baseline,1000,18,0.24858537502586842
Baseline,1000,19,0.25001423992216587
Baseline,1000,20,0.24938525818288326
IC model,1000,1,0.2502410504966974
IC model,1000,2,0.25042261090129614
IC model,1000,3,0.2505185818299651
IC model,1000,4,0.2500508101657033
IC model,1000,5,0.2503620907664299
IC model,1000,6,0.25088726356625557
IC model,1000,7,0.2508216639980674
IC model,1000,8,0.2500618901103735
IC model,1000,9,0.2509868936613202
IC model,1000,10,0.25042973179370165
IC model,1000,11,0.24995587021112442
IC model,1000,12,0.24997296929359436
IC model,1000,13,0.2503373110666871
IC model,1000,14,0.24994882941246033
IC model,1000,15,0.2510704444721341
IC model,1000,16,0.24953279923647642
IC model,1000,17,0.25002233032137156
IC model,1000,18,0.2509836833924055
IC model,1000,19,0.25026016123592854
IC model,1000,20,0.2501490917056799
Ewald-QEq,1000,1,1.3739089826121926
Ewald-QEq,1000,2,1.3539270078763366
Ewald-QEq,1000,3,1.3492300705984235
Ewald-QEq,1000,4,1.348979378119111
Ewald-QEq,1000,5,1.3500092243775725
